city,year,pressure_mean,rel_hum_mean,temp_mean,temp_dew_mean,visib_mean,wind_chill_mean,wind_dir_mean,wind_spd_mean,pressure_sd,rel_hum_sd,temp_sd,temp_dew_sd,visib_sd,wind_chill_sd,wind_dir_sd,wind_spd_sd,pressure_min,rel_hum_min,temp_min,temp_dew_min,visib_min,wind_chill_min,wind_dir_min,wind_spd_min,pressure_max,rel_hum_max,temp_max,temp_dew_max,visib_max,wind_chill_max,wind_dir_max,wind_spd_max,snow_grnd_sum,total_precip_sum,total_rain_sum,total_snow_sum,snow_grnd_sd,total_precip_sd,total_rain_sd,total_snow_sd,snow_grnd_min,total_precip_min,total_rain_min,total_snow_min,snow_grnd_max,total_precip_max,total_rain_max,total_snow_max,precip,temp,date
Calgary,2004,89.00842326958106,62.45778183477864,4.873611111111111,-2.5381789137380193,36.154269125683065,-13.27664020058504,20.86743377681889,14.06193783445292,0.6814321155796995,19.8637185532877,10.738194537958972,9.685810601283377,20.689898672608077,10.195719808792468,10.210100382222096,9.396466879744718,86.63,12,-33.2,-39,0,-46,1,0,90.99,100,32.1,17.8,64.4,-1,36,70,341,386.8,290.6,121.5,2.1929478188588463,3.3721412747251267,3.1562882553032483,1.4819424346930503,0,0,0,0,11,45.8,45.8,19.8,386.8,4.9,2004-06-15
Calgary,2005,88.96684931506849,63.77203196347032,5.0379794520547945,-2.2387328767123287,38.11642694063927,-13.870207852193996,21.536532170119955,14.051826484018266,0.6548975251729583,21.2192135376615,10.510385722778834,9.03488973664681,20.928519652105383,8.691002007793886,10.062289252275159,9.344911675242916,86.73,14,-33.9,-38.8,0,-44,1,0,90.51,100,31.6,16.6,64.4,-1,36,59,246,539.6,486.2,73.4,1.6774217688035693,5.756076343551966,5.758986040681942,0.7081929520005772,0,0,0,0,8,64.8,64.8,5.8,539.6,5,2005-06-15
Calgary,2006,88.91935502283106,64.15399543378996,5.431175799086758,-1.8272945205479452,34.15740867579909,-11.942923254917085,21.283746223564954,13.890398447311338,0.7749841990131503,21.515419164081504,10.861676228411554,9.135110612619826,19.887963220994816,7.721711429992289,10.216757433113182,9.016571372660254,85.89,14,-29.5,-35.1,0,-41,1,0,91.26,100,31.8,18.5,64.4,-1,36,67,500,419.6,349.8,116,3.2221198456706386,3.830958491359174,3.778295088250438,1.3591309506964497,0,0,0,0,17,32.6,32.6,14.4,419.6,5.4,2006-06-15
Calgary,2007,88.92097054121946,64.99771585198721,4.9284197305320845,-1.959330744632252,35.20675953414022,-12.452844894777865,21.128907196510784,14.074788764558118,0.7045296073370064,20.252224403684764,10.692024694453975,9.284702621066556,19.69519777328898,6.834318691822265,10.008156389786228,9.321984568504776,86.33,13,-25.8,-27.8,0.2,-36,1,0,90.88,100,31.8,21.3,64.4,-1,36,65,468,511.40000000000003,394.8,161.5,2.994470291346427,5.218268723058848,5.136618969053278,1.4174266467656547,0,0,0,0,19,72.4,72.4,10.8,511.40000000000003,4.9,2007-06-15
Calgary,2008,88.89932946265938,63.97984513778183,4.5347677595628415,-2.6963447961739924,36.68260473588342,-13.991599847269951,21.777912768800874,13.558287795992713,0.7182300907288742,21.581101178891245,11.42656509348359,9.900373749114818,19.864127049447678,9.9486422826629,9.954977778419241,9.145055179206123,85.62,13,-32.6,-38.2,0,-48,1,0,91.18,100,33.7,16.8,64.4,-1,36,57,779,502.6,378,190.8,5.104648561252986,3.7524193458257202,3.5844667005093473,2.0865477619721995,0,0,0,0,29,35,35,23.4,502.6,4.5,2008-06-15
Calgary,2009,89.00275519525006,61.02501999314521,4.028100022836264,-3.8837769907460298,36.361977620461296,-14.442687747035572,21.42144850175907,14.109956611098424,0.7139287325370892,20.819843800236786,11.922978978619819,9.59029776811737,20.217762919868473,8.880721871254833,10.07813377474123,9.86489243480138,86.56,14,-32.4,-36.4,0.2,-39,1,0,90.97,100,32.5,13.7,64.4,-1,36,70,690,328,202,167.8,3.818555203429415,2.592746282063705,2.3124413976406464,1.555650788346223,0,0,0,0,19,24.2,24.2,16.8,328,4,2009-06-15
Calgary,2010,88.8830406485499,63.710093628682344,4.490226079013473,-2.677277917332724,35.39344599223567,-13.152790484903933,21.632519043866562,12.624457638730304,0.6975125650546925,19.506790974176802,10.535618761480604,8.797402462577441,21.986696756928307,7.576096577342335,10.073079796829406,9.596399354578137,86.13,13,-29.9,-34.7,0.2,-40,1,0,91.01,100,31.2,16.9,64.4,-1,36,78,595,454.5,343.8,130.9,3.262789077400018,3.7858992680869985,3.472738673485931,1.4944451312069624,0,0,0,0,18,33.8,33.8,18.4,454.5,4.5,2010-06-15
Calgary,2011,88.82385089622103,59.39056969973741,4.383388514670624,-3.6824637515698138,37.05650188377669,-14.824199912319159,21.734948882998864,13.916657152642996,0.6915904841193412,18.65436900856453,11.480641952741685,9.803096658269542,22.030159752247435,9.459806574300263,9.682522850846853,9.872035558125805,86.35,14,-29.7,-34.9,0.4,-37,1,0,90.83,100,29.5,17.8,64.4,-1,36,67,604,518.3,389,168.1,3.591237852336984,4.116605344266039,3.8806727062867896,2.0206297913958164,0,0,0,0,21,39.6,39.6,21,518.3,4.4,2011-06-15
Calgary,2012,88.84548088990303,64.24403879064461,4.833565316600114,-2.3017341699942953,31.707107815173988,-13.250524109014675,22.8406425891182,15.807644038790645,0.7457535266166003,20.750597317338553,11.388070104225367,9.605499941375173,21.708334941479514,8.013301032265522,9.069958824380038,9.147703294529245,86.02,12,-32.2,-36.3,0,-40,0,0,90.77,100,30.2,19.7,80.5,-1,36,67,424,497.1,369.7,141.2,2.8808501038819183,4.392201644752881,3.967098459285846,1.6722341958983877,0,0,0,0,15,36.2,36.2,17.7,497.1,4.8,2012-06-15
Calgary,2013,89.04948078682526,65.66720036596523,4.838939168289609,-1.8525731930466605,35.52336459286368,-13.40930706521739,21.592558354518143,16.014527568062228,0.6467989296536809,19.380357481171945,11.076783791274861,9.511758479144007,21.234783833337445,7.389502821514571,9.6734463678512,8.99740746830815,86.41,10,-29.9,-33.6,0,-41,1,0,90.74,100,32.3,21.9,80.5,-1,36,68,678,488.1,405.9,146.3,6.176534078960447,5.279905416571198,5.211768633867427,2.0966630370614636,0,0,0,0,22,51.2,51.2,21,488.1,4.8,2013-06-15
Calgary,2014,88.89734964555225,63.72258433390509,4.43068831465813,-2.7348198970840483,33.87813857763549,-14.788567493112948,21.802928056731098,14.326929674099485,0.7643698784032287,19.379524940412296,11.919962467738152,10.030781121902825,20.795483742710363,9.16609435465773,10.218564604496514,8.53150817584709,85.61,11,-30.3,-33.9,0.2,-43,0,0,91.36,99,32.2,24,80.5,-1,36,64,517,390.2,252.3,175.3,3.544260954597688,3.1966499870288283,2.655682832665458,1.7763129178153767,0,0,0,0,14,29.2,29.2,15.1,390.2,4.4,2014-06-15
Calgary,2015,88.84415226101889,59.8519748139668,6.34531196336577,-1.997298225529479,34.96825414997138,-11.734754797441365,21.694511286811046,13.667086433886663,0.6802312657737897,20.85268864450051,10.579419218739224,8.402700397383258,20.94652155266653,6.952699081931719,10.216124105367266,8.74077673041117,85.84,9,-24.9,-28.3,0.2,-32,0,0,91.27,98,33.6,17,72.4,0,36,65,522,440.2,352.8,104.1,5.454209461771568,3.950506198735265,3.8586285034421994,1.0759562905958773,0,0,0,0,22,36.9,36.9,11.2,440.2,6.3,2015-06-15
Calgary,2016,88.78310584482169,60.68041472029167,6.260328130340663,-1.8743648171356955,33.97666628688618,-11.422413793103448,21.916296042878322,13.427708784322661,0.6691124727695886,21.307154259013895,10.115660024980887,8.685054536248659,19.89384625073948,8.184596671647299,10.35308763149515,8.38294366210776,85.96,9,-25.2,-28.7,0.2,-35,0,0,90.67,98,30,16.6,64.4,0,36,53,468,517.5,450.2,61.699999999999996,5.05114033576467,4.175994492095303,4.104242062111089,0.8561735217767141,0,0,0,0,16,37.9,37.9,8.2,517.5,6.3,2016-06-15
Calgary,2017,88.78884897025172,58.484037075180225,5.283672768878719,-3.4401190067513445,32.00479405034325,-15.103140752229546,21.942680270549122,14.03112128146453,0.7579812822798561,20.95049293937587,12.217579755230606,9.485316345294839,21.259765952915227,8.981157859283496,10.393900788421483,8.87683544187431,86.31,9,-30.3,-33.8,0.2,-42,0,0,90.79,98,32.6,17.3,64.4,-1,36,69,856,354.1,221.9,144.6,6.543436602603229,3.2007155658692303,3.0064731011006027,1.3893099867115433,0,0,0,0,23,41.7,41.7,9.6,354.1,5.3,2017-06-15
Calgary,2018,88.90833537932728,61.13822735084704,4.987981831573778,-3.1274122268598084,29.50564694328505,-12.940573045631412,21.664043285784555,13.176160078566168,0.641662725370566,21.49076451891556,11.895693250729318,8.99464671873287,20.692744671576193,7.806987277037831,10.714461073063116,8.447753779983588,86.79,8,-30,-33.6,0,-37,0,0,98.81,98,36.4,15.8,80.5,-1,36,63,1150,410.1,238.8,202.7,6.702446971001993,3.1029780506050364,2.552546034804276,2.5131072321831036,0,0,0,0,31,27,27,32.8,410.1,5,2018-06-15
Edmonton,2004,92.95915072859745,71.35393897996357,2.783094262295082,-2.5159153005464483,21.43426684881603,-14.446604938271605,20.928520028783883,12.539275956284152,0.7070070453223353,18.789371669312896,11.977934756894157,11.079850094206893,6.040075145439507,10.023386710734286,9.019160484207474,7.764688326713781,90.47,16,-41.3,-45.1,0,-53,1,0,95.38,100,29.5,21.8,25,-1,36,70,2569,466.2,329.9,147.4,11.252867655240308,3.726759287308194,3.4953626095782866,1.578274823508047,0,0,0,0,40,27.8,27.8,15.8,466.2,2.8,2004-06-15
Edmonton,2005,92.90595248972133,73.52661032434902,3.339675650982184,-1.5670397441754225,22.04523755139333,-14.50035360678925,21.085907335907336,12.246459570580173,0.7184861739856503,18.569088736813086,11.415720305555476,10.006815425472393,5.454201524219956,9.251028865550026,8.845514789458614,7.597349475039347,90.61,16,-40.6,-44.1,0.2,-51,1,0,94.79,100,28.8,18.4,25,-1,36,59,1542,432,351.7,87.3,7.727782418321671,3.3674514158462836,3.229434241721255,1.1012602089742136,0,0,0,0,30,32.8,32.8,12.6,432,3.3,2005-06-15
Edmonton,2006,92.86701107432356,72.67713209270465,3.6926361456787307,-1.5913232104121475,21.098595730106176,-13.640615748963883,20.74428349096133,12.872131521863226,0.8045646457750196,20.011657168980218,12.076383104698959,9.993010577288818,6.519454196815314,7.393378087033493,8.983113878500294,7.784996104153626,89.58,12,-36.2,-39.5,0.2,-42,1,0,95.7,100,33.3,20.9,24.1,-1,36,50,2005,473.5,338.2,149.5,9.515636766285843,3.2916466286989485,3.067344942738264,1.5190154040304484,0,0,0,0,31,25,25,14.2,473.5,3.7,2006-06-15
Edmonton,2007,92.86655821917809,72.96541095890412,2.756084474885845,-2.118538812785388,22.27109589041096,-15.374848851269649,20.973317450863608,13.173287671232877,0.7792416513030442,16.71981049432539,12.32255440853136,11.074067491522932,5.248158675237265,8.181217609116185,8.783567785028463,8.078285681074469,89.6,16,-35.3,-39.8,0,-43,1,0,95.25,100,31.2,21.5,24.1,-1,36,59,3413,396.6,301.2,114.2,14.106454793365707,3.153449279817157,2.857642591401107,1.0881599039280265,0,0,0,0,46,34.1,29.6,9.4,396.6,2.8,2007-06-15
Edmonton,2008,92.85394284413071,66.67482636912217,2.4769668678128203,-3.7310713879084596,21.94624843447569,-15.953467427199039,21.657689070578332,12.823864283274508,0.749917809153756,16.71617702613815,13.247846257830723,11.480316001833856,5.623819533876966,10.702807403746252,8.682860611361715,8.17051342870851,89.22,15,-44,-46.3,0,-54,1,0,95.37,100,35.6,19.3,24.1,-1,36,54,1734,308.5,217.6,100.2,7.409512522025824,2.4291926219775664,2.2107514813821854,0.9418841459765389,0,0,0,0,26,25,20.4,6.6,308.5,2.5,2008-06-15
Edmonton,2009,92.98946461187215,67.13447488584475,1.4233333333333331,-4.927237442922374,21.725947488584477,-17.13923337091319,21.430104933059944,12.485045662100456,0.7814317897845073,20.04315354870058,14.11448480931669,11.89607124844542,5.958752999940161,10.88100046181955,8.861977751910516,8.1893899721089909,90.11,15,-46.1,-46.8,0,-58,1,0,95.52,100,33.6,18.5,24.1,-1,36,59,2726,293.2,161.6,147,10.941764888582354,2.282732634892344,1.8630835690779113,1.5185820275438005,0,0,0,0,36,23.8,23.8,16.2,293.2,1.4,2009-06-15
Edmonton,2010,92.8454497716895,73.13287671232877,2.459474885844749,-2.5399771689497714,21.19867579908676,-15.22438717787555,20.911929057337222,12.023972602739725,0.7508943427349254,18.783573151404145,12.26183104983324,10.949272022637617,6.1739257102402325,8.130107275524507,8.830654440662457,7.956318163321449,89.54,13,-34.9,-39.2,0,-46,1,0,95.23,100,30.6,20.1,72.4,-1,36,57,2160,511,429.7,88.7,8.897390382716667,4.471300422978476,4.150917170024102,1.287871022963812,0,0,0,0,26,44.8,44.8,16.8,511,2.5,2010-06-15
Edmonton,2011,92.76717433496975,73.70578833200138,2.416200479506793,-2.4210526315789473,21.84957186893481,-15.845579793340987,21.06156191369606,13.949537618449595,0.7727320028355704,18.669401839102,12.798817147974962,11.652363866739199,5.668194255019828,10.099148472258427,8.50197915682759,8.214550608654012,90.02,13,-39.7,-43.7,0,-50,1,0,95.24,100,31.4,18.7,24.1,-2,36,59,4067,466.1,326.1,151.9,16.628172818021586,3.5610016359039793,3.347438014583442,1.5168419243458697,0,0,0,0,52,28.8,28.8,13.8,466.1,2.4,2011-06-15
Edmonton,2012,92.80723870378823,71.22421678481592,2.7765458909589666,-2.498755707762557,16.888361478776815,-15.226704545454545,20.42729546266524,13.879721556544562,0.7795886180549605,17.86806136728604,12.59166494049034,11.467483409837769,7.6984342475047365,8.754442541649377,8.892875672017519,7.9711104320709065,89.76,15,-34.4,-39.6,0,-46,0,0,95.12,101,30.6,21.2,80.5,-1,36,56,1410,464.5,370.1,114.3,7.1455554202700675,4.113844988992814,3.977462348556695,1.4122572059572815,0,0,0,0,29,42.4,42.4,16.8,464.5,2.8,2012-06-15
Edmonton,2013,93.04636862565745,74.64137773200595,2.4394054178145086,-2.1406453827669067,21.363171735650585,-15.758489540885629,20.327734012974975,13.757347055460263,0.7015637737995932,17.408893992579628,12.848835020070199,11.505180512166586,6.174552875722704,8.650651791255129,8.872465249883547,8.129070100647692,90.21,13,-37.7,-41.4,0,-49,1,0,95.25,100,32,25.3,80.5,-1,36,57,4188,427.9,259.1,186.8,9.379884641736563,3.191592404719759,2.974289481611098,1.5634836936930336,0,0,0,0,49,30,30,13,427.9,2.4,2013-06-15
Edmonton,2014,92.97764477441461,71.24660194174757,2.405596801827527,-2.9036436322101657,21.71141062250143,-16.825524576027593,21.152360269745113,13.753169617361507,0.8501079931967013,17.615322512140843,13.219604204213205,11.789034461537288,5.578696649153122,9.596264688917904,9.162481297661683,7.769729723140655,89.38,14,-38.5,-42.4,0,-48,0,0,96.04,100,30,20.1,32.2,0,36,59,3024,336.1,243.5,112.8,11.955005465854994,3.2911637029169256,3.1186871861055083,1.3234841019802772,0,0,0,0,44,45.6,45.6,17,336.1,2.4,2014-06-15
Edmonton,2015,92.95411495829048,68.48577305450806,3.958153353902411,-2.2021254713747003,22.103656724945722,-14.350768224910102,21.01394763919058,13.426465546794653,0.7458259406553959,19.638940846463434,11.961281325334433,9.97553590664246,5.263152591200549,8.647228858856035,8.843923876044482,7.70967800386989,90.38,11,-35.8,-39.5,0.2,-45,0,0,95.86,98,32.5,18.6,32.2,0,36,60,1652,361,271.4,96.4,7.67300893499915,3.1805567944428317,3.0516176301314015,1.1456180560832658,0,0,0,0,28,37.4,37.4,11,361,4,2015-06-15
Edmonton,2016,92.89723152260562,71.9575219223323,4.458455756747523,-0.9980184489238128,21.745951486163307,-12.695235049568277,21.252734731084775,13.473006833712985,0.7071489645911854,20.119849206235628,11.375428323859245,9.824207732760176,5.7162899999857855,8.46158303136885,9.050661050711485,7.733917961039421,90.19,8,-32.3,-35.8,0.2,-41,0,0,95.38,98,29.6,18.4,40.2,-1,36,55,1135,494.3,426.7,76.4,5.137536205152127,4.747082269492779,4.718980971738891,0.9292891776442117,0,0,0,0,17,44.2,44.2,9.5,494.3,4.5,2016-06-15
Edmonton,2017,92.91829984014615,71.77529116236583,3.0463347796300524,-2.2190226079013473,21.436789221283398,-15.567412333736396,21.739115529653755,13.742064398264445,0.828267754658111,17.89114743876206,12.64144329339763,10.81975917615871,6.060370096317464,9.450553556208844,9.227805191789836,8.045053587782593,90.08,15,-35.1,-38.8,0,-45,0,0,95.26,99,32.3,21.5,40.2,0,36,73,1419,489.4,359.4,134.4,4.853879555437306,3.930491516777439,3.675660525896171,1.4333943704927996,0,0,0,0,20,44.6,44.6,18,489.4,3,2017-06-15
Edmonton,2018,93.05438886845654,71.87041804585019,2.984675738629398,-2.351268848841486,22.067966164030896,-14.78242924528302,21.179031269160024,13.16648277553022,0.6983731251178426,18.92926493812954,12.704911449787836,10.753601421023681,7.2148649711597095,9.006623480752411,9.349747827768129,7.587255359676147,90.85,13,-37,-40.9,0,-46,0,0,95.18,100,32.4,21.4,40.2,-1,36,55,2868,440.6,284.2,157.8,11.31103631863782,3.4725185361794284,3.0545069058378296,1.669543111281179,0,0,0,0,35,32,32,14,440.6,3,2018-06-15
Halifax,2004,99.71733074994302,79.40164121267381,6.047959881467974,2.38227718258491,19.001675404604516,-12.302124311565697,22.025101685066822,17.85137907453841,0.9947111414333079,17.525284583213725,10.190817183662906,10.391409650162212,9.862080977873418,6.978969040344084,9.75274626676228,9.906494319126327,95.71,20,-26.8,-31.1,0,-37,1,0,102.41,100,32.4,21.9,32.2,-1,36,74,2015,1247.1,1027.3,222,12.440046807716904,9.127860419671526,8.321481184589198,4.051890903849579,0,0,0,0,81,87.8,87.8,66,1247.1,6,2004-06-15
Halifax,2005,99.69670244348025,79.52387480009139,6.8788487894015535,3.149577336074937,18.90841516327929,-11.811789473684211,21.994736226459235,18.10459008906143,0.9513303263379034,18.060314774214696,10.215683191644581,10.165194116181203,9.378629926790664,6.316053478867145,9.733575147804277,10.756676347412725,95.73,19,-21.2,-25,0.2,-34,1,0,102.25,100,33.1,22.7,32.2,-1,36,74,1725,1550.5,1354,216.9,13.151338328642248,11.388806795128723,11.253731546991347,3.0784602249527206,0,0,0,0,78,79.5,79.5,40,1550.5,6.9,2005-06-15
Halifax,2006,99.59800456881781,81.9588806396345,7.728646487721302,4.475054254711593,18.383735008566536,-10.416444207154298,21.559144782709737,17.67424328954883,0.9296856843920152,17.503272310753818,9.074378109245515,9.294243994236604,9.654010353669552,5.0601707218431295,9.618639874721408,9.803733918792934,95.83,21,-17.9,-20.8,0,-28,1,0,101.93,100,28.9,23.9,32.2,-1,36,70,378,1358.2,1233.5,127.4,4.177562050722994,8.256463928215444,8.113605431959629,1.9074983360812194,0,0,0,0,40,53.9,53.9,21.8,1358.2,7.7,2006-06-15
Halifax,2007,99.61631506849315,78.59186936165354,6.181495433789954,2.35171862509992,19.101997716894978,-12.565882352941177,22.458187747495924,18.325342465753426,0.9318112378290423,17.56127216809787,10.361775649587347,10.578236915247995,8.82061938287324,6.136169985975469,9.270311260575404,10.580366057180656,95.53,14,-21.3,-28.4,0.2,-35,1,0,101.99,100,31.5,23.4,32.2,-1,36,93,580,1357.5,1157.8,212.4,4.11789053152522,9.010916113953392,8.77648502804734,2.3648877593038216,0,0,0,0,30,55.4,55.4,27,1357.5,6.2,2007-06-15
Halifax,2008,99.71901855857908,79.99738041002279,6.875506718287406,3.3231067076642753,18.226050324490494,-11.47663139329806,21.698397848204888,17.949333940567005,0.9163183527648189,16.869009957697372,9.580069500579338,9.933861247100914,9.280424612785941,5.086016250324434,9.564806152298965,10.65276916858635,95.85,12,-17.8,-31.9,0,-29,1,0,102.28,100,31,22.4,32.2,-1,36,74,785,1732.9,1457,286.3,5.032507602710449,9.997946270882446,9.72117109471148,2.6066903189185924,0,0,0,0,26,83.2,83.2,27,1732.9,6.9,2008-06-15
Halifax,2009,99.67658522662404,80.29773869346734,6.536419682612171,2.999006395614436,18.466480191802717,-12.137221269296742,21.750640279394645,18.025916200479507,0.9670412969859727,17.680451847291494,9.823683243506249,10.055568856710941,9.033836438494397,5.898835737703983,9.497233644926803,10.095463026431137,95.76,21,-23.3,-28.5,0.2,-33,1,0,102.06,100,31.6,22.7,32.2,-1,36,67,1213,1508.3,1266,263.7,6.455038263787124,8.903764872378655,8.664669906655377,2.806015800487887,0,0,0,0,30,79.3,79.3,30,1508.3,6.5,2009-06-15
Halifax,2010,99.2753196347032,80.59360730593608,8.000513698630137,4.483732876712328,18.87777397260274,-9.739583333333334,22.13421880461377,18.256050228310503,1.0166195786155598,17.265021660662814,9.220789436719782,9.238373165915297,8.617362355396573,5.105647368647731,9.91334735750081,10.519851567908885,94.83,13,-19.5,-24.7,0.2,-29,1,0,101.72,100,33.9,22.7,24.1,-2,36,74,636,1323.8,1197.9,132.5,4.272899452073837,9.072754902973486,8.807296029138238,1.9719674763630783,0,0,0,0,30,58.3,58.3,27.5,1323.8,8,2010-06-15
Halifax,2011,99.6486829770207,81.62570024008231,7.283365725391563,4.054155710529324,17.89366639990854,-10.583965844402277,21.56598623308806,18.22419115125186,0.9447385943479362,16.03623463417762,9.289490148838413,9.538296300853805,9.18738900627582,5.1174222478704605,9.637265773601284,10.688077743385922,95.62,21,-19.1,-24.7,0.2,-32,1,0,102.38,100,29.6,22.1,24.1,-1,36,69,1252,1722.7,1501.3,223.8,8.575008586470657,11.766500162106142,11.559765931994745,2.7170819149473675,0,0,0,0,40,106.4,106.4,34,1722.7,7.3,2011-06-15
Halifax,2012,99.69155180282976,81.1078643990412,8.011125057051574,4.58203401438192,19.051494751255134,-10.343166175024582,21.672784295504705,17.513522766175967,0.8673909333874653,17.561227100535806,9.556863012567483,9.56823340165377,8.55754517461515,4.895789070179745,9.693258022327232,9.212728184264773,94.94,21,-17.9,-20.8,0,-27,0,0,102.11,100,30.8,23.1,80.5,-1,36,70,246,1281.5,1162.9,112.7,2.225647876173937,9.294400584360627,9.303521483232029,1.3870634911898607,0,0,0,0,12,84.9,84.9,12.6,1281.5,8,2012-06-15
Halifax,2013,99.73642160798256,81.69327827483367,6.8381809840578045,3.5732966276668963,18.438937951599954,-11.851011143210895,22.255897317298796,18.162134251290876,0.9082729145653314,17.44910436384852,10.243843150862553,10.359963238317572,9.150965450787709,6.361177637374055,9.609350685110408,9.057437306707895,94.09,24,-22,-26.8,0,-32,1,0,102.6,100,32.3,24.4,80.5,-1,36,62,903,1305.2,1145.7,177,8.870744996979546,9.893104531516016,9.788980026895828,2.346570969019057,0,0,0,0,40,83.8,83.8,26,1305.2,6.8,2013-06-15
Halifax,2014,99.73544141252006,79.13394495412844,7.0297064893373085,3.305297557619539,18.82483375372621,-12.547039926571822,21.17825987144169,18.328971533516988,0.9212293520922272,17.090261019377902,10.020148221256212,10.207641583799166,8.771742433213452,6.215960691068892,9.899808973107099,9.35368120238902,95.42,20,-22.4,-27.8,0,-34,1,1,102.5,99,29.3,22.3,32.2,-1,36,79,943,1571.9,1377.8,211,8.817576416423451,10.707568409256359,10.501930993213493,2.862192786906618,0,0,0,0,38,87.4,87.4,26,1571.9,7,2014-06-15
Halifax,2015,99.77013216871624,78.92074645778136,6.449373635214343,2.6537841262527357,18.902700838984025,-13.502866502866503,21.889732091525815,18.224330228814534,0.9581650535715366,17.55175846075963,10.63058647772997,10.741972772927548,8.721822060839871,6.584044620281045,9.826012013183673,9.108308553009497,94.99,19,-21.7,-25.9,0.2,-35,0,1,103.07,100,29.2,23,40.2,-1,36,61,3798,1538.1,1127.2,419.1,27.15952009297,9.285970293179203,8.487906424681864,4.30577371977505,0,0,0,0,93,57.2,57.2,48,1538.1,6.4,2015-06-15
Halifax,2016,99.65615086599817,80.73483812129503,7.380355515041021,3.8577633378932967,19.484685505925253,-10.582300884955751,22.090660280533697,18.097936381256414,0.9084869595643097,18.074786156201935,9.533156135408912,9.338426975098647,8.409824276221668,5.095619208663281,9.953294929750465,9.2768201744072,96.2,18,-17,-20.4,0.2,-32,0,0,102.04,100,29.9,22.8,40.2,-1,36,67,1040,1503.8,1169.1,331.1,11.140899002512874,9.459184632851112,8.653564121538071,3.9332576388758467,0,0,0,0,52,83.6,83.6,40.2,1503.8,7.4,2016-06-15
Halifax,2017,99.70057982616652,80.59915370539798,7.437111161939616,3.933234217749314,19.25096065873742,-11.508351177730193,21.721223227579888,18.352718946765883,0.9311714601848337,17.517527810580734,9.908972220258248,9.815983565417708,8.591667652535708,5.689464215924144,9.616729989225723,9.446172047594725,95.07,20,-19.6,-23,0,-31,0,0,102.44,100,29.9,21.7,80.5,-1,36,72,1030,1522.3,1261.7,290,17.747123599040048,8.898581951151089,8.321522971734781,3.860781957426857,0,0,0,0,80,59.9,59.9,56,1522.3,7.4,2017-06-15
Halifax,2018,99.80118571253222,79.98784679597348,8.136160549895667,4.386987478517064,19.219074505953113,-10.943344334433444,21.28283820279892,19.03339062116376,0.9695534916859826,19.382777305833045,9.764613825948212,9.666821365833458,8.447375811015403,5.43795566750437,9.90267148248207,9.693668503449196,94.97,18,-16.9,-23.3,0.2,-30,0,1,102.35,100,31.8,22.6,40.2,-1,36,81,645,1529,1302.4,238.5,6.8746082020594725,8.961914726264006,8.540844503915256,2.999221983327316,0,0,0,0,26,50.6,50.6,23.4,1529,8.1,2018-06-15
Montreal,2004,101.21320355191257,68.5622723132969,6.573929872495446,0.7965960837887067,25.325102459016392,-16.259729944400316,19.226304015071236,16.51366120218579,0.8713020883506465,16.54471663494543,12.623467831972306,12.550095941598963,12.657748574986574,9.072614330892975,10.003349908070993,9.719417660550889,98.15,20,-29.1,-34.5,0,-41,1,0,103.56,100,30.5,22.2,48.3,-1,36,61,900,899.4,763,133.8,4.848071286011719,6.453414744800089,6.344963338935694,1.4423024111565224,0,0,0,0,25,67.4,67.4,13.2,899.4,6.6,2004-06-15
Montreal,2005,101.1262388673213,68.9525005709066,7.753174240694222,1.95921443251884,24.261258278145696,-13.868389180460234,18.808308605341246,15.338205069650606,0.8974874975098762,16.32243429746827,12.6884261037133,12.208126955195628,13.065940426878658,7.085420845602713,10.224970705368419,8.925882345846833,98.32,16,-27.2,-33.7,0.2,-37,1,0,104.09,100,32.5,23.2,48.3,-1,36,65,991,1231.7,1034.6,188.8,5.336059974643098,9.109784173915351,8.811481807923242,2.695713559367766,0,0,0,0,32,73.8,73.8,41.2,1231.7,7.8,2005-06-15
Montreal,2006,101.00153082191781,70.46632420091325,8.430490867579909,2.9410730593607304,24.492568493150685,-12.438812083973374,19.533309667494972,15.306770179244205,0.8459104101080834,16.08841475573597,10.878346618399663,10.372742069816736,12.537239453954344,6.145976044449909,9.888355313605695,8.879189078409956,97.31,15,-18.7,-27.5,0,-32,1,0,103.98,100,33.6,25.1,48.3,-2,36,78,844,1343.1,1225.2,122.3,5.0034039293891315,7.807289136505475,7.740771899564272,1.3617529944241944,0,0,0,0,24,48.2,48.2,10.8,1343.1,8.4,2006-06-15
Montreal,2007,101.13298093389656,69.39171138257792,7.216428816074894,1.4536020093617994,25.992579061536706,-15.076489533011273,19.948855507868384,15.524831601781026,0.839330771416997,18.08426218388793,12.561454259887455,12.240813529125722,13.31269098356487,7.43893023493058,9.740982316917252,9.406541704955515,98.45,18,-24,-33.6,0.2,-38,1,0,103.8,100,32.7,22.6,48.3,-1,36,69,1335,999.6,664.7,325.90000000000003,7.643892875947528,6.20079428514378,4.919619714610483,3.707810837581378,0,0,0,0,40,39.6,39.6,35.2,999.6,7.2,2007-06-15
Montreal,2008,101.08885815118397,68.75270408744164,7.290698998178507,1.527211658886485,26.018146630236792,-13.379171692802574,19.530094531530455,14.91905737704918,0.9088730347212195,15.849572098183224,11.818880845936029,11.549284037853203,12.777977644185333,6.38316120905551,9.728615766027156,9.564247593962005,98,22,-24.2,-28.6,0,-33,1,0,103.71,100,32.9,22.4,48.3,-1,36,72,2304,1111.6,738.8,342.2,11.16502993972282,6.754232492379849,5.311129091113471,3.446408632911218,0,0,0,0,47,43.4,40.6,26.4,1111.6,7.3,2008-06-15
Montreal,2009,101.14319287427202,68.33097304705345,6.944216055726847,1.0529579716765647,26.709752198241407,-14.626516464471404,18.96355650522317,14.83190590384835,0.9056964871916591,16.55214090000011,11.858578687237753,11.580543724830466,12.337307750706723,7.319865589364955,10.131334006354681,8.419536695102106,97.69,20,-27.1,-31.3,0.2,-36,1,0,103.25,100,32.3,21.7,48.3,-1,36,59,1317,974.6,801.6,173.1,7.373173081238163,5.620245119295381,5.185958066915409,2.5048512917893153,0,0,0,0,33,40.6,40.6,28,974.6,6.9,2009-06-15
Montreal,2010,100.86179513532032,68.93410985497316,8.642491720908987,2.726561607856572,27.041521068859197,-12.002466699555994,19.838146167557934,15.327281032317003,0.7896068248977868,17.089487755713098,11.206067454190906,10.549533156203807,12.48985263290213,5.737727263412769,10.160581110123092,8.823985728628193,98.08,17,-21.3,-27.5,0.2,-33,1,0,103.24,100,34.1,23.4,48.3,-1,36,67,673,1194,999.8,202.6,4.103770254604172,7.66160470545515,7.280240032237331,2.4609383112279466,0,0,0,0,19,64.4,64.4,29.8,1194,8.6,2010-06-15
Montreal,2011,101.03288160748944,68.44799634661491,8.206975682155498,2.3487156068044297,26.75346500742094,-13.242134062927496,18.391789273849074,15.043726452791415,0.8554230418475689,15.353496478477645,11.8874759887526,11.435714474655809,12.159393150283952,6.564962670096143,10.140828187256458,8.561174172759591,98,19,-27.5,-33.7,0.2,-38,1,0,103.64,100,35.2,25,48.3,-1,36,59,988,1280.8,1099.4,186.2,6.7602026726317,7.366992796873479,7.163143410087007,1.9480706806447288,0,0,0,0,32,56.4,56.4,20.4,1280.8,8.2,2011-06-15
Montreal,2012,101.05162340619307,67.43169398907104,8.798144353369763,2.5552937158469944,27.664446721311474,-12.325083293669682,19.13486725663717,14.94546903460838,0.8440047459486503,16.918881470076556,11.687882769691223,10.883072319155737,12.622688245171506,5.932355515083754,10.221865240630013,8.688696079468906,97.52,18,-23.3,-28.5,0.2,-30,1,0,103.65,100,33,24.4,48.3,-1,36,83,739,927.4,725.8,192.4,5.079333933310365,6.0371543443321585,5.1905960733211405,2.955615571262278,0,0,0,0,40,46.2,36.2,45.6,927.4,8.8,2012-06-15
Montreal,2013,101.17420192087812,69.86197827329903,7.312577178138578,1.7262321326472267,25.930128058541047,-14.640549273021001,19.395603130755063,16.59958838326092,0.8282297336137018,17.179333713395803,12.289968746534056,12.064192072793617,12.366352341774068,7.7213095883264975,9.510557782819406,9.452125819431533,97.07,18,-27.1,-34.1,0,-39,1,0,103.85,100,32.8,24.3,80.5,-1,36,72,1194,849,633.2,151,9.955273715346795,5.110540216152647,4.352526101933324,1.9456769220130796,0,0,0,0,31,26.6,23.8,18,849,7.3,2013-06-15
Montreal,2014,101.10139202923375,69.07949743003998,7.037661299531803,1.3460536836093662,26.52764645426516,-14.646487294469358,19.274617317797578,17.360324349017816,0.8396957950519396,16.331675708836872,12.456361008283496,12.154242662877357,12.231111507771498,7.531257654727663,9.607692731432323,9.191373408664527,98.1,20,-27.2,-33,0.2,-41,0,0,103.98,100,32.5,23.4,80.5,-1,36,64,1104,1031.7,846.5,184.2,5.913518455917689,6.42028147004513,6.21558141073366,2.110493199345341,0,0,0,0,23,44.4,44.4,20,1031.7,7,2014-06-15
Montreal,2015,101.22316384826325,68.12659963436928,7.437077239488117,1.4969378427787934,27.229890310786107,-16.280377668308702,19.720526014865637,16.48731718464351,0.8506270310236318,16.96056625334181,12.959787662896867,12.901874944838092,12.539265722452342,8.366784383804209,9.746835210085983,8.864658627122608,98.52,11,-27.1,-32,0.2,-39,0,0,103.97,99,31.7,23.5,64.4,-1,36,56,1042,1064.4,867.4,189.20000000000002,6.951460268467642,6.56562676082589,6.2296664055945845,2.530019945249656,0,0,0,0,23,47.2,47.2,39.2,1064.4,7.4,2015-06-15
Montreal,2016,101.10348365789774,67.60961166154196,8.307117640359868,2.091937137000342,27.95976540257374,-12.76518391787853,19.862905982905982,17.055916182667122,0.8685628256537438,17.758483964233907,11.957861974485718,11.317750130323963,12.768954266723556,6.9383891114649066,10.240575934730247,8.90352970084059,98.12,15,-27.5,-33.7,0.2,-41,0,0,104.06,99,33.7,23.8,56.3,-1,36,62,598,1037.8,843.4,192.4,4.889269748918129,7.0155743085663564,6.671948153745138,1.8328065606071267,0,0,0,0,18,67,67,15.2,1037.8,8.3,2016-06-15
Montreal,2017,101.06725539445142,70.51067473455873,7.800239753396506,2.383799520493207,26.94373786961982,-14.18375,19.27153301347955,16.529284164859003,0.8980757651171081,16.519804635132868,11.998964756557521,11.935078394053518,12.559805023073386,7.149390417876772,9.886593126082005,8.980162849387549,97.17,23,-26.6,-33,0.2,-40,0,0,103.88,99,31.9,22.3,80.5,-1,36,67,817,1252.3,1023.3,235,7.004749441735218,7.17378958446332,6.766334970357124,2.7927468842330176,0,0,0,0,29,42.4,42.4,31.6,1252.3,7.8,2017-06-15
Montreal,2018,101.2255748958078,68.90463348860014,8.610321157146359,2.6242461387595,26.568889433684728,-13.018465909090908,19.19008467296601,16.212552096101987,0.8426913612845222,18.298311991952364,12.487187946536732,11.739948158007241,12.624517654716392,7.753249340357219,10.186289834586734,8.926953747372014,98.72,15,-26.7,-30,0.2,-39,0,0,104.14,99,35.2,25.1,64.4,0,36,73,1009,973.2,747.8,234.2,7.9040108999069,5.64612787799409,5.095696118947511,2.6646533253883056,0,0,0,0,30,33.6,33.6,30.4,973.2,8.6,2018-06-15
Ottawa,2004,100.28862249544626,72.52379326047358,5.914947632058287,0.9016507285974501,22.152197176684883,-16.141227380015735,19.93161990096675,13.369763205828779,0.8394480989342846,18.03285244179572,12.628693670931106,12.577304289050705,7.766180236048067,8.961246297852387,9.853593625630184,7.733764504633156,97.44,21,-30.2,-35.8,0,-44,1,0,102.54,100,29.9,22.6,40.2,-1,36,52,1572,907.1,773.6,188.9,8.06346931478771,9.018884218701377,8.945140518048975,1.7356494901422803,0,0,0,0,30,135.4,135.4,13.3,907.1,5.9,2004-06-15
Ottawa,2005,100.20469977168949,71.84931506849315,7.091952054794521,1.8207876712328768,21.167728310502284,-14.121652639632746,19.535101219367824,12.942009132420091,0.861052360106792,18.370951197892097,12.870065979340502,12.546681617468513,7.594704252676545,7.55404850765136,10.148234399933655,7.513283442668764,97.19,13,-27.9,-34,0,-41,1,0,103.03,100,33.6,25.3,32.2,-1,36,48,1938,1007.1,868,196.20000000000002,8.90209514145816,6.404634687196545,6.305706611661125,2.0877032577375383,0,0,0,0,40,46.2,46.2,20.6,1007.1,7.1,2005-06-15
Ottawa,2006,100.08039397053786,72.25727989037341,7.761322370674889,2.596802557953637,21.246694073312778,-12.238183503243745,20.25793135983017,13.379582048646796,0.8244236840250089,17.135225714950597,11.087969446918395,10.558799828707189,7.485057421562814,6.502150911171058,9.758096209162924,7.8170920987066,96.48,15,-21.2,-26.8,0,-33,1,0,102.96,100,36,25.5,32.2,-1,36,54,1353,1112.3,1000.7,149.3,7.687157993234309,6.265181567621754,6.100073638021252,1.6924364422169065,0,0,0,0,41,39.6,39.6,16,1112.3,7.8,2006-06-15
Ottawa,2007,100.2197602739726,67.49029680365297,6.661723744292238,0.4476369863013697,21.45845890410959,-14.964231927710843,20.566827887224253,13.282534246575343,0.8164678294162379,18.57490759215577,12.690816857549795,12.107748512746172,7.123699755535459,7.642176606786555,9.726615766601686,7.858185672105398,97.88,13,-26.3,-34.8,0,-43,1,0,102.71,100,33.6,21.5,32.2,-1,36,56,2735,900.5,671.4,302.8,15.338061620579122,5.875303471108162,5.440803282445677,3.0505270839626193,0,0,0,0,75,67.8,67.8,35.6,900.5,6.7,2007-06-15
Ottawa,2008,100.15601662112933,75.49487704918033,6.452834699453552,1.9608492714025503,20.517065118397085,-13.384728882331244,20.282975645044612,12.677937158469945,0.8803740110653943,18.071189475053554,11.943006851820918,11.556838465644972,7.402979604048672,6.757467586524211,9.424823972082844,7.9411610302672395,97.17,22,-23.8,-29.2,0,-32,1,0,102.7,100,32.5,23.4,32.2,-1,36,56,4922,998.2,715.2,374.1,22.57556647819767,5.665591114248611,5.095178718270879,3.564709343837281,0,0,0,0,87,47.8,47.8,33.6,998.2,6.5,2008-06-15
Ottawa,2009,100.21271803652968,71.94474885844748,6.218436073059361,1.0071461187214612,21.212020547945205,-14.554665598718461,19.77550779404818,12.867465753424657,0.8909190473284313,18.53608366978831,11.905428771140759,11.801971814934781,6.723375939257279,7.871178054691671,9.792691361429315,7.576388229698576,96.83,18,-29.7,-34.1,0,-39,1,0,102.32,100,32.9,22.8,32.2,-1,36,59,3045,1025.1,896.6,165,16.77388339750291,6.25740521110103,6.1299654396115795,2.1560615796982443,0,0,0,0,69,47.8,47.8,22.4,1025.1,6.2,2009-06-15
Ottawa,2010,99.97032191780822,73.30228310502284,8.081997716894977,3.014474885844749,21.41093607305936,-12.47745716862038,21.228604923798358,13.898287671232877,0.7545433791027518,18.869050047678073,11.321696106227495,10.822014180976923,6.310645645827432,6.035804045270611,9.854125505139974,7.806194933337347,96.97,15,-23,-28.1,0,-35,1,0,102.19,100,34.5,24.7,32.2,-1,36,57,1627,966.8,881.4,111.1,10.59294184730003,6.179968514359652,6.08799036420848,1.3695200353414194,0,0,0,0,47,43.6,43.6,15.4,966.8,8.1,2010-06-15
Ottawa,2011,100.10755281489095,73.01884206920178,7.62418636519356,2.601016329793308,21.070355144455863,-13.799253421816674,19.911643755140407,14.484526664382779,0.8264972056672019,18.035806130319877,12.17148061276735,11.771385197759702,6.313959208069926,7.038567100502883,10.02648406077126,8.262974164726877,97.28,19,-29.5,-33.7,0.4,-39,0,0,102.67,100,35.8,24.9,32.2,-1,36,61,1674,943,804.2,177.2,12.322604925034247,6.962470306891716,6.8398279476712105,1.8253221250242886,0,0,0,0,47,90.4,90.4,17.2,943,7.6,2011-06-15
Ottawa,2012,100.11474317817014,71.80828361633777,7.931589814177563,2.5115953664411057,13.40202935106627,-12.899357601713062,19.665054270882493,14.696524830829224,0.8144973874235777,19.01013602244461,12.012224663854711,10.990580221385617,6.7137625619096015,6.293089647208195,9.89568058731374,7.8586021935006,96.92,15,-24.2,-27,0,-33,0,0,102.63,100,35.2,23.4,80.5,-1,36,55,2045,754.8,587.4,189,16.030235054482432,5.085332894652096,4.498068238028998,2.5517065582936493,0,0,0,0,69,45.4,45.4,34.2,754.8,7.9,2012-06-15
Ottawa,2013,100.23994739851344,73.49599542334096,6.362824471126358,1.5448283752860412,20.720857632933107,-14.458378771355871,19.883164673413063,14.47615235045179,0.7996528706943452,17.16084013466279,12.552032529135872,12.235153873214761,6.55353713576919,8.02126683191897,9.306408257380474,7.992881597413773,96.29,18,-28.5,-32.9,0,-40,1,0,102.74,100,33.2,24.6,80.5,-1,36,74,3639,795,580.6,273.6,17.700191253349985,5.189080077767752,4.814686285780658,2.975902884463016,0,0,0,0,76,42.6,42.6,25,795,6.4,2013-06-15
Ottawa,2014,100.16342165372316,72.24451804476931,6.123766560073093,1.0576633165829146,21.302775239835544,-15.04282729805014,20.272997371728945,14.965166742804934,0.8137587758072128,17.541399140961275,12.658162803959495,12.514533758864683,6.13504284589089,7.962768908781193,9.39344944570534,7.499844855479292,97.22,18,-27.3,-34.1,0,-40,0,0,102.95,100,30.5,22.5,80.5,-1,36,51,2772,902.8,790,166.6,12.277487147111257,5.806071700003112,5.738578622356776,1.8098398957026478,0,0,0,0,38,55.6,55.6,16.2,902.8,6.1,2014-06-15
Ottawa,2015,100.29416628545289,71.32513723696249,6.698833485818847,1.3499656907593778,21.350320219579142,-16.36224098234843,20.076896670099554,14.80052613519387,0.8211456723890097,18.29696645490872,13.217120386618724,12.916696912595102,5.992567540960502,8.92214232195978,9.454074736246344,7.844433138984883,97.67,13,-29.2,-32.6,0,-42,0,0,102.99,100,34.1,23.8,24.1,0,36,58,3145,738.4,615.8,176.8,21.31588943421619,4.750992574203351,4.606902364910222,1.9423850937639335,0,0,0,0,66,31.6,31.6,20.2,738.4,6.7,2015-06-15
Ottawa,2016,100.19266454110681,69.97950352994762,7.484229104987475,1.6321680710544295,21.266909587793215,-13.213333333333333,20.05252364133531,15.183101799134594,0.8331564907272871,19.836136343779597,12.424538127215984,11.436415636473386,6.358207232955017,7.444523823546294,10.098787273653738,8.033295168327491,97.06,15,-29.6,-34.7,0,-45,0,0,102.9,100,34,24.3,80.5,0,36,57,2592,796.2,572.2,312.9,16.63111631402854,5.348372864463319,4.804587097448025,3.5084969843443505,0,0,0,0,56,39.2,39.2,51.2,796.2,7.5,2016-06-15
Ottawa,2017,100.14023980815348,74.8790681740322,6.806280689733927,2.2257965056526205,20.940858741578168,-14.240366272415109,19.61420740063956,14.813406417722964,0.8751220952734426,17.883738709580815,12.131872264478627,11.952821653228497,6.623208194751483,7.631807916839476,9.69994608426356,7.9452436424555986,95.9,18,-26.7,-30.6,0.2,-39,0,0,102.93,100,33,22.8,40.2,-1,36,55,3319,1346.6,1166.2,258.4,19.730101493629963,8.742769112234614,8.660994795130556,2.7532056054516856,0,0,0,0,77,79,79,28,1346.6,6.8,2017-06-15
Ottawa,2018,100.29947278077489,71.62113781265326,7.8365497793035805,2.4037273173124083,21.171211378126532,-12.748015043877977,20.056788912056913,14.979279058361943,0.8023582296892975,19.075580789199122,12.47737373181978,11.88344203362263,6.522986572392351,7.707254896518426,9.992076760118097,8.035982064754025,97.65,13,-28.6,-31.3,0.2,-41,0,0,103,99,35.5,25.3,80.5,-1,36,57,1573,936,763.3,226.3,11.705409985221994,6.312880713906438,6.223014914276839,2.0771780168581624,0,0,0,0,50,61.4,61.4,14.6,936,7.8,2018-06-15
Toronto,2004,99.61671903460838,72.24760928961749,8.357729963570128,3.3010132058287796,19.590710382513663,-13.110612855007474,21.597090226446088,16.139230418943534,0.7837245322089468,15.328950083674208,10.888514543419362,10.592391673044158,6.987378888612941,7.303335255588903,10.321324320247298,9.894034496363975,97.02,26,-24.2,-31.6,0,-37,1,0,102.09,100,31.3,23.8,24.1,-1,36,63,1129,755,643.3,134.9,7.949907265236588,4.547597482461457,4.373529836502867,1.6296303145799063,0,0,0,0,46,30.8,30.8,17.6,755,8.4,2004-06-15
Toronto,2005,99.53758419910949,70.04429729421167,9.1842333599726,3.5032195456102295,20.18180157552232,-11.925133689839573,21.261977814491384,15.591620047950679,0.8053055743085747,16.27692952852802,11.928005528885535,10.833378644414386,6.562473146531245,6.328129054069849,10.445806989413374,9.504810772829925,96.09,23,-24,-30.5,0.2,-36,1,0,102.24,100,34.7,23.8,24.1,-1,36,69,865,766.7,612.2,162.6,5.1138329136857275,5.265171665384153,5.079267615143669,1.5266902370598245,0,0,0,0,27,41.4,41.4,11.6,766.7,9.2,2005-06-15
Toronto,2006,99.43958671081174,71.62541386002968,9.851581230734102,4.513837196026944,21.049960041100583,-10.247386759581882,22.00035348179569,16.43281196483617,0.7773860868958452,16.636180478076938,9.872099841806225,9.424890295535302,5.985538420698691,4.708458344967691,10.139046263113283,10.110523108812647,96.06,15,-14.2,-21.5,0,-25,1,0,101.85,100,36.4,26.2,24.1,-1,36,69,39,865.7,833.9,32.4,0.536658558629554,5.452612878664341,5.389130819996147,0.4757987650784947,0,0,0,0,5,36.2,36.2,5.4,865.7,9.9,2006-06-15
Toronto,2007,99.56509533051718,68.27400388172165,9.172964950336796,3.0593218403927387,21.39921223884005,-12.310547759167044,21.83232077764277,16.10195227765727,0.7416647962168329,17.069964670255953,11.641593138760216,10.527854160225047,5.794855469812363,6.239591486549859,9.917686517231244,10.52358434318771,96.95,16,-22,-31,0.2,-34,1,0,101.8,100,34.5,23.7,24.1,-1,36,67,592,592.7,478.2,114.1,3.8121496983849146,4.1908202369724865,3.8419648179677504,1.3489332653575112,0,0,0,0,21,37.2,37.2,16.8,592.7,9.2,2007-06-15
Toronto,2008,99.48334282135944,68.68894455197541,8.396094728452693,2.616862120004554,21.087703518160083,-11.183177570093457,22.15839531764419,15.583627462142775,0.8189363025222497,14.395027943098706,10.655603145444724,10.136802877198097,6.258283255991751,5.695983115531393,9.688308546792408,10.557173865269544,96.07,19,-18.2,-24.6,0.2,-31,1,0,101.86,100,33.1,22.1,24.1,-1,36,76,1359,1049.6,840.9,216.5,9.039468563779753,6.132151863215578,5.762402416345543,2.5140829331954575,0,0,0,0,48,51.2,51.2,30.4,1049.6,8.4,2008-06-15
Toronto,2009,99.52752397260274,69.04874429223744,8.229406392694063,2.4428196347031963,21.608584474885845,-12.530341662417134,21.455998120079897,15.941095890410958,0.8490548256296314,16.823442597246128,10.447235928451295,10.454601175331673,5.475205134902941,6.1241594454928565,10.170446756476231,9.987522787252887,95.95,19,-21.8,-26.4,0,-31,1,0,101.52,100,31.2,24.8,24.1,-1,36,72,790,904,810.8,89,6.790858631379191,6.0215756888797705,5.832090391797812,1.2604929156826716,0,0,0,0,35,40.2,40.2,13.4,904,8.2,2009-06-15
Toronto,2010,99.36280251141552,70.94942922374429,9.722716894977168,4.217899543378995,21.88248858447489,-11.04579768495219,22.926121681935637,16.785616438356165,0.6857960090581195,16.948026355453358,10.831648432087956,10.363314575948536,5.098386432150963,5.069448824579437,10.365121751232964,9.815173960541626,96.53,18,-18.8,-26.2,0,-27,1,0,101.5,100,34.2,24.6,24.1,-1,36,65,114,787.2,748,45.6,1.0356217548351103,5.934661653518513,5.938381473901789,0.607424583316051,0,0,0,0,8,53.2,53.2,6.4,787.2,9.7,2010-06-15
Toronto,2011,99.41844160292271,71.98755423612697,9.340986413974198,4.1190111897693535,21.307546523575752,-11.78446909667195,20.849069931716507,15.973969631236443,0.7715154318898607,15.98603237041668,11.097564717854985,10.303431659731567,5.84928360180526,5.62105221539186,10.500522869425003,9.679802102616764,96.75,21,-20.3,-28.3,0.2,-32,1,0,101.72,100,37.5,24.4,24.1,-1,36,82,625,936.8,831.3,131.2,4.678332836959472,5.6759595739975275,5.574750716553025,1.5696642484230072,0,0,0,0,21,48.8,48.8,12.8,936.8,9.3,2011-06-15
Toronto,2012,99.45467896174863,68.61987704918033,10.634164389799636,4.592019581056467,21.85015938069217,-8.82161753590325,22.081402257872845,14.796561930783243,0.7453003917067214,16.51278152564478,10.094128082907446,9.130254382840036,5.187718571347994,4.724793917531373,10.07622033508542,9.212628987804546,96.63,18,-16.2,-25.6,0,-27,1,0,101.64,100,36.2,23.1,24.1,-1,36,61,55,731.6,683.2,49.2,0.8451877843991387,5.359595047788419,5.338301339116644,0.639747873086225,0,0,0,0,8,44,44,5,731.6,10.6,2012-06-15
Toronto,2013,99.57472793781436,71.15953796889295,8.655178326474623,3.344053064958829,21.476245999085506,-11.222170470423848,21.474397590361445,15.697302240512117,0.72950067981697575,15.558468180413564,10.947253706558879,10.408002175932808,5.657367195126449,5.153787082207282,9.885887802648812,9.136444323555583,96.22,17,-20.7,-26.3,0.2,-29,1,0,101.86,100,34.3,24.1,80.5,-1,36,85,436,944.8,820.3,124.6,4.035325732340244,8.372505183207421,8.21164530163009,1.7511369906154384,0,0,0,0,23,126,126,22.4,944.8,8.7,2013-06-15
Toronto,2014,99.50679077204202,69.40315212425766,7.667804933759707,2.036569209684788,21.742211055276382,-14.053389830508475,21.849423054952588,16.64210646561572,0.7553497925104721,15.469602746605005,11.684137324403398,11.189743766815928,5.532528168715997,7.331006143297344,9.838652296955502,9.327199730388177,96.65,14,-24.1,-30.3,0,-39,0,0,102.12,98,31.4,23.9,80.5,-1,36,67,823,733.8,609.4,141,6.833276220953297,4.529682459322866,4.31171176531227,1.7470788074600798,0,0,0,0,25,27.6,27.6,17.4,733.8,7.7,2014-06-15
Toronto,2015,99.63632529431935,67.50348690979764,8.838072922619729,2.7203269692465986,22.016961938507258,-14.97728419989904,21.436513383665066,16.321408160932677,0.7536204611880645,15.919362327634477,11.844817684523148,11.304636242670819,5.192064691648898,7.535303369017664,10.008543798567661,9.17731766956321,97.16,19,-25.4,-31.4,0.2,-41,0,0,102.21,98,33.5,23,56.3,-1,36,59,598,675.3,617.5,66.6,7.348320299055439,5.111798549048358,5.060349724691097,0.9233611248169913,0,0,0,0,21,37.4,37.4,10.4,675.3,8.8,2015-06-15
Toronto,2016,99.52742001593988,65.18877376750541,10.228179437549812,3.3687008994648755,22.43658203347376,-10.606366047745357,21.43774917416562,16.51667994990322,0.7593450396684674,17.502256135575315,11.2304849113788,10.104946272980834,4.82409376846426,5.72150576699299,10.235319246283014,9.395212554615773,96.49,13,-26,-31.6,0.2,-40,0,0,101.82,98,35.2,24.8,80.5,-1,36,66,322,630.6,517.7,107.1,5.446038988048163,4.154766744496939,3.927394008054719,1.2865053886318032,0,0,0,0,19,32.8,32.8,13.8,630.6,10.2,2016-06-15
Toronto,2017,99.45688627540534,68.65231296402057,9.395763873030372,3.5199360584608357,21.966202329298927,-12.168654173764907,21.43893522220953,16.429093400319708,0.8042754734520751,16.18999753492182,10.625078617633292,10.307234882229984,5.458622118148923,5.6795541253449295,10.095530956874933,9.66681118249464,96.67,18,-22,-26.4,0.2,-31,0,0,102.1,99,33.3,22.1,80.5,0,36,80,201,846,770.8,80.1,4.28303653944685,5.466727731956107,5.371317488314769,1.1944078093981392,0,0,0,0,17,44.6,44.6,15.6,846,9.4,2017-06-15
Toronto,2018,99.62886600465858,67.46799901912702,9.906730415593968,3.6722780774889654,21.85386784356994,-11.102973568281937,21.277198577210843,16.322667647419394,0.7218309686794232,17.067538676859137,11.534104176698078,11.212228051890111,5.496826745980148,6.198362173377639,10.293160710448916,9.10718110957652,96.96,14,-23,-28,0.2,-37,0,0,102.21,97,34.8,25,80.5,-1,36,68,294,842.4,716.6,89.4,4.496966601869647,5.5886701836273245,5.082197705433215,1.0963034252833228,0,0,0,0,19,35.8,29.6,9,842.4,9.9,2018-06-15
Vancouver,2004,101.64494591825117,79.3638847774109,11.41377661391324,7.706717522486622,27.562233860867586,-9.216494845360824,16.98313576927777,13.144028236365706,0.7908430728066935,12.96074791792609,6.074282949358118,4.950367228213146,12.051783637187329,4.569433781762315,9.189640000886897,8.164297329594174,98.07,26,-11.9,-18.3,0,-20,1,0,103.79,100,29.5,18.4,48.3,-1,36,72,31,1210.6,1200.8,8.1,0.5884139744387175,7.616686544404479,7.616493659935113,0.32279064721779,0,0,0,0,6,91.6,91.6,6,1210.6,11.4,2004-06-15
Vancouver,2005,101.59617035852935,81.31734612310152,10.821523178807947,7.500491035742834,27.795044530714776,-5.440540540540541,16.72309006590188,12.88068052066682,0.7520059242513097,13.05601268521999,6.2194256426918955,5.2486573789369615,12.015946662014588,3.0413553763827577,9.106974345828137,7.959876479365705,98.62,29,-9.5,-13.8,0,-16,1,0,103.74,100,28.8,18.4,48.3,-1,36,65,73,1215.2,1183.8,29,1.2885804439147468,6.921787613062789,6.907711102674111,0.6217130941669822,0,0,0,0,13,56.6,56.6,7.4,1215.2,10.8,2005-06-15
Vancouver,2006,101.58303652968037,78.08287671232877,10.71812785388128,6.770045662100457,32.96383561643836,-6.492957746478873,17.782367149758453,14.494292237442922,0.8242997372868968,13.874043307280635,5.959694140843405,5.353692469679924,12.82172528337289,4.244441112963375,9.184673906193925,9.50379662636565,98.05,15,-11.5,-21,0.2,-19,1,0,103.89,100,28.9,18.7,48.3,-1,36,67,113,1224.2,1175,44.8,2.028652206688902,6.768890282652534,6.706251338482841,1.1669690009183273,0,0,0,0,23,44.6,44.6,18.4,1224.2,10.7,2006-06-15
Vancouver,2007,101.7172591324201,77.50753424657535,10.209052511415525,6.233915525114155,28.83469178082192,-5.861423220973783,17.062125209882467,13.833789954337899,0.7530476111245076,11.771909916513692,5.990514175833309,4.911196247180368,12.319241691528944,2.834980645447208,8.790020587786007,8.478941754010245,99.05,35,-8.6,-12.9,0,-15,1,0,103.79,100,27.5,17.4,48.3,-1,36,78,29,1322.4,1274.4,37.7,0.5805830018250054,6.767579201997294,6.608856792803333,0.7693226198361388,0,0,0,0,8,46.4,46.4,9.2,1322.4,10.2,2007-06-15
Vancouver,2008,101.70928831701207,76.16127562642369,9.832703256661352,5.594829157175399,28.946663630152585,-7.6567901234567906,16.870143884892087,13.474721020268731,0.8035164184865831,12.75492812840921,6.246617010632083,5.751724190090475,11.82205448475715,3.803754602643278,8.921479742438445,8.198009930604407,97.14,24,-13.6,-20.7,0,-22,1,0,103.86,98,28.8,17.9,48.3,-1,36,70,341,1025.8,913.8,109,4.912185672533483,5.564278748756376,5.0666938412562494,2.1694631943612226,0,0,0,0,41,34.6,34.6,26.8,1025.8,9.8,2008-06-15
Vancouver,2009,101.68482648401826,72.851352894166,10.259184838451878,5.262659817351598,29.338561643835618,-5.218085106382978,17.641155412911985,13.246803652968037,0.7582268311120197,14.344043855861043,6.762966186828233,6.021617790204654,12.20960719296218,2.184867362123139,9.264840206262173,8.796233265440506,98.86,16,-6.1,-21.9,0,-12,1,0,103.85,100,33.9,18.9,48.3,-1,36,63,82,1090.6,1055.6,26.400000000000002,1.5997751234413655,6.023458482043469,5.985372958098673,0.5505504751438997,0,0,0,0,16,38.6,38.6,6.4,1090.6,10.3,2009-06-15
Vancouver,2010,101.44176544478702,76.79079593468083,10.881180769669978,6.697830307182826,30.432431197898826,-8.361538461538462,16.38944625407166,13.291195614936623,0.7819000082572556,13.339706792616157,5.501589315107207,4.511750796111481,11.30664870247626,3.2967069455072515,8.647446750751516,9.151617740133318,98.22,26,-9.3,-21.1,0.2,-16,1,0,103.84,100,29.2,17.3,56.3,-1,36,78,12,1207,1190.4,16.8,0.3170322206076021,6.637694736844963,6.626832177724637,0.6272798850532206,0,0,0,0,5,55.8,55.8,9.6,1207,10.9,2010-06-15
Vancouver,2011,101.65622602739727,79.06508335236356,9.875821917808219,6.1896209180178126,30.324920091324202,-5.394833948339484,16.629172714078376,13.467579908675798,0.7894185200381181,12.769666968373581,5.981759187925031,5.454233960771183,11.727439250196616,2.5112729305242745,8.648317795646177,8.165661134973245,98.91,27,-8.1,-18.1,0.2,-14,1,0,104.35,100,26.1,17.9,48.3,-1,36,57,20,1068.5,1045.2,24.1,0.7790246606802149,5.586592571396602,5.550934326329943,0.7928574344327156,0,0,0,0,14,30.8,30.8,14,1068.5,9.9,2011-06-15
Vancouver,2012,101.53625910746813,75.38187407491745,10.312932604735883,5.891620175338723,29.10709244080146,-6.5058823529411764,16.92394366197183,13.8125,0.7884863488579548,12.787309357877495,5.8568840944976355,4.784148406842695,12.305540398801526,3.3392892607772593,8.86593606283192,8.731384208269452,97.99,28,-7.6,-11.7,0,-14,1,0,103.56,99,27.6,17.4,48.3,-1,36,69,6,1211.3,1161.3,27.2,0.16470512750177474,5.946689312631993,5.5391958798037555,1.0461915003661046,0,0,0,0,2,43.8,34,19.8,1211.3,10.3,2012-06-15
Vancouver,2013,101.84983503264979,79.96330275229357,10.414136785427884,6.9258944954128445,29.37012257990606,-5.841040462427745,17.36209975002976,12.508663224325876,0.7403907298926532,12.362023251257861,6.250053670903189,5.92647202414172,13.771921397170903,3.016023500385863,9.161984686739418,7.959344826223019,98.51,26,-9.7,-19.3,0,-15,1,0,104.02,100,27.2,20.2,56.3,0,36,63,13,927.4,905,11.6,0.711297526195443,5.686700793283206,5.665049783601925,0.5350319786991545,0,0,0,0,8,46.6,46.6,10,927.4,10.4,2013-06-15
Vancouver,2014,101.6050679766937,81.02069280896308,11.025237061578887,7.688877457704618,29.82653947218097,-6.014742014742015,17.070259755120723,13.0845521023766,0.7791536671234924,13.365609655005692,6.470503096469692,6.366431089134161,12.683086706335345,3.0568954388267975,9.502122135374258,7.7211828463166245,98.59,13,-8.8,-20.6,0,-15,0,0,104.59,100,27.7,19.8,48.3,0,36,61,6,1260.6,1236.8,25.8,0.16050101455863808,6.486312011223971,6.411675142012576,0.8698996469802138,0,0,0,0,2,38.2,38.2,14.4,1260.6,11,2014-06-15
Vancouver,2015,101.62940329218107,81.38305898491083,11.521147690900778,8.238717421124829,31.143998628257886,-4.3764705882352946,18.245185694635488,13.30498399634202,0.7436576143919609,12.633434915220976,5.907813078030322,4.763794377475369,13.133739235798076,2.0175353796168176,9.982643126785845,7.892370067448362,98.35,29,-5.1,-10.1,0,-9,0,0,103.59,100,27.4,19.3,48.3,-1,36,55,0,1141.6,1139.2,0,0,6.645927668176746,6.655055440918281,0,0,0,0,0,0,46.2,46.2,0,1141.6,11.5,2015-06-15
Vancouver,2016,101.5550791481608,81.05204418631135,11.203997266826102,7.911718483088486,32.599180047830544,-6.462908011869437,16.745068977311593,14.267737159776791,0.7189899798434323,11.568727068768997,5.858471561032583,4.977272539512391,12.545193809196586,3.021641361627603,9.53794542819617,7.615635142660408,98.15,39,-8.6,-13.1,0,-15,0,0,103.61,99,25.9,18.8,48.3,0,36,58,17,1320.8,1279.4,28.4,0.34144580776307953,6.1481549546958805,6.058524820117226,0.6149564769788991,0,0,0,0,5,31,31,7,1320.8,11.2,2016-06-15
Vancouver,2017,101.60111098424298,79.78522493720027,10.249440511532313,6.693662936743548,33.13751998173099,-5.321083172147002,17.081074899942823,13.237040420187258,0.8531319142133693,13.019574023984053,6.632639714893887,5.940729463886686,13.237931263349271,2.5467338078468735,9.623133710627892,7.360098654015163,98.63,18,-8.4,-15.7,0,-13,0,0,103.94,100,29.2,19.2,64.4,0,36,68,136,1234.3,1172.9,43.4,6.064716051125624,6.974871188843126,6.844916587232023,0.9706205392336387,0,0,0,0,20,44.2,42.6,12,1234.3,10.2,2017-06-15
Vancouver,2018,101.69627513487004,81.31584109857774,11.230272192251103,7.948528690534576,34.18949239823443,-5.142857142857143,17.583773168037315,13.153138793526239,0.6525931331987372,12.481198089225877,6.093339940993714,5.157142307558991,12.564042341660365,2.30861791919003,9.695749527583748,7.274268919101361,99.2,33,-6.2,-13.3,0,-10,0,0,103.57,100,28.8,20.1,48.3,0,36,57,41,1091.6,1046.4,25.8,4.797726734421399,6.403250320323541,6.401611606864631,0.7760894482372209,0,0,0,0,15,46.4,46.4,11,1091.6,11.2,2018-06-15
Victoria,2004,101.45634593486677,76.51821908449101,11.018902300159416,6.628968344340697,35.52975404235937,-7.957446808510638,18.894363421363817,9.261899339558187,0.7914672097086138,15.702581704778682,5.895798490287735,4.280568309885649,15.787778790788282,3.850551612479015,8.774897509730488,6.770933001537678,97.76,18,-6.1,-17.3,0,-14,1,0,103.54,100,34.3,16.4,48.3,-1,36,52,34,849.8,825.2,26.6,1.036203017880482,5.296862886213447,5.247958722319247,0.7492514202871753,0,0,0,0,18,40.8,40.8,11.6,849.8,11,2004-06-15
Victoria,2005,101.40356164383562,79.12066210045663,10.344874429223744,6.500034246575343,37.263675799086755,-4.883449883449884,18.986576289207868,9.260159817351598,0.752368887199855,15.549784740487327,6.09353670849289,4.563334542576723,15.375192830932392,2.04286568820107,8.84760759018009,6.717346339140546,98.36,21,-7.2,-12.8,0,-12,1,0,103.53,100,28.6,16.6,48.3,-1,36,44,196,791.6,725.2,65.1,3.3841707657548734,4.980804897994221,4.7558052659073216,1.576369989985173,0,0,0,0,34,39.6,39.6,23.4,791.6,10.3,2005-06-15
Victoria,2006,101.39224885844749,75.10308219178083,10.401803652968036,5.74466894977169,39.814589041095886,-5.536496350364963,18.90862177470107,10.829223744292237,0.8244694466259785,16.01402911601073,6.064485182978698,4.933031497303826,13.756296238844177,2.879849810705596,8.79735537861568,8.009958685666028,97.79,19,-10.2,-18.1,0,-16,1,0,103.68,100,33.2,17,48.3,-1,36,67,109,1049.5,995.7,54.1,1.993429671341271,6.3483618381437,6.182720283732675,1.2982144780235179,0,0,0,0,19,40.1,40.1,15.9,1049.5,10.4,2006-06-15
Victoria,2007,101.52559589041095,79.80456621004566,9.903812785388128,6.213196347031963,37.08071917808219,-4.353982300884955,19.79711055276382,10.6675799086758,0.7496574161025362,15.425359239096041,5.918321710621571,4.457864210229955,15.36965008682481,2.154891315024369,8.423602061186521,7.485587573099471,98.86,21,-8.6,-9.5,0.2,-14,1,0,103.54,100,35.8,16.3,48.3,-1,36,57,47,986.6,949.2,38,0.8531626862468477,7.317220897437764,7.1878101730322825,0.9183475299468301,0,0,0,0,7,80.6,80.6,12.2,986.6,9.9,2007-06-15
Victoria,2008,101.51660177595629,78.69808743169399,9.420389344262295,5.559676684881603,37.97156193078324,-6.745721271393643,18.827831386490605,10.508424408014571,0.8068633111865279,15.330305096118591,5.996146227818799,4.994868110784284,14.682548504207892,3.4518945537711976,8.734289583126616,7.708492447402372,96.85,29,-8.5,-15.8,0.2,-16,1,0,103.65,100,29.8,16.8,48.3,-1,36,54,353,662.3,561.1,104.4,5.15367623845989,4.690105156999297,4.212144858466495,2.2094072395838724,0,0,0,0,44,49.2,49.2,35,662.3,9.4,2008-06-15
Victoria,2009,101.49228652968037,75.88526087452905,9.821095890410959,5.288537504281311,38.654874429223746,-4.611344537815126,19.052126200274348,10.45662100456621,0.755297801467581,17.006720885702336,6.5350626892197985,5.243500409819482,14.728475277525327,2.3238347343610153,8.881401802956972,7.276678720428419,98.7,19,-7.5,-16.4,0.2,-13,1,0,103.66,100,34.9,17.6,48.3,-1,36,52,3,843.4,830.9,12.5,0.11691245980460913,5.779156448380228,5.757870239717629,0.317536524714992,0,0,0,0,2,51.8,51.8,5.3,843.4,9.8,2009-06-15
Victoria,2010,101.24523972602739,79.43892694063926,10.265114155251142,6.543630136986302,37.88486301369863,-6.069767441860465,18.757518321961083,10.711986301369864,0.7889220214930837,14.593167407477903,5.407412456466735,4.3252617896750145,14.713273653566056,3.267027182664251,8.811688738134915,7.765723833347477,98.06,23,-9.4,-17.3,0.2,-14,1,0,103.62,100,32.6,16.8,48.3,-1,36,57,73,917,895.4,21.6,1.4087637788555543,5.5353942354781545,5.512191502098155,0.6514602224973615,0,0,0,0,12,45.2,45.2,10.8,917,10.3,2010-06-15
Victoria,2011,101.4684292237443,77.77465753424657,9.439783105022832,5.42439497716895,39.44923515981735,-4.924939467312349,18.94895503483217,10.482191780821918,0.7878695135461672,14.59916613315998,5.917197855295801,4.617141908753648,13.429755491371047,2.2591094578270035,8.597393776107554,7.32348489285579,98.75,31,-6.7,-15.6,0.2,-12,1,0,104.15,100,27.2,16.1,48.3,-1,36,52,36,817.5,783.7,34.2,0.8523550359627319,4.8281893099427,4.753607502119732,0.7136724147114751,0,0,0,0,13,36.6,36.6,8.8,817.5,9.4,2011-06-15
Victoria,2012,101.34487363387979,77.91404826958106,9.874635701275045,5.809016393442623,38.47654826958105,-4.660079051383399,18.699389384687645,9.229394353369763,0.7939049566783005,15.55195757913681,5.797288494813048,4.297594521662328,14.173540674772855,2.282409265933288,8.6894504943234,8.477285590736292,97.73,18,-5,-10.7,0.2,-13,1,0,103.37,100,30.6,15.8,48.3,-1,36,67,15,963.9,950.7,13.8,0.5191807189299273,5.164477360698017,5.143312664961038,0.4416645728150009,0,0,0,0,7,29.8,29.8,8,963.9,9.9,2012-06-15
Victoria,2013,101.67075014293883,79.07010521500457,9.938810748999428,6.1299748398902105,37.76907947398513,-5.136212624584718,18.803093896150617,9.652865149262267,0.7318677055387837,15.502546622744589,5.956094002581564,4.9107499788228,14.908728028980956,3.050363520627245,8.844290677824121,6.438003495672739,98.17,22,-8.8,-18.5,0,-14,1,0,103.8,100,30.5,17,56.3,-1,36,45,6,670.3,652.3,14,0.30381369555142695,4.785814773950309,4.715807282093453,0.6296311127797103,0,0,0,0,4,52.8,52.8,11.8,670.3,9.9,2013-06-15
Victoria,2014,101.42191178151069,78.66712375728488,10.705382242029483,6.7776025597074625,38.35341103873843,-5.607344632768362,19.471551230681168,10.698205919323506,0.7791900641706857,16.401983613505852,6.113248717768861,5.382830164797278,14.917155514681276,2.505755925679669,9.692729909962956,6.964464592961919,98.31,19,-6.7,-16.8,0,-12,0,0,104.37,100,30.6,16.7,80.5,0,36,49,27,909.1,859.1,43,3.605551275463989,5.640444066240636,5.427915788398672,1.3155497309940432,0,0,0,0,9,45.4,45.4,20.6,909.1,10.7,2014-06-15
Victoria,2015,101.44937257142857,79.71885714285715,11.24753142857143,7.480445714285715,37.26472739741685,-3.787878787878788,19.873410470844313,9.933478111784204,0.7390976831478738,16.366614990479498,5.868174475452014,4.107496919990646,15.08603256234683,1.1393737601630727,9.685351834918933,6.281439300218861,98.02,20,-2.5,-9.5,0.2,-6,0,0,103.39,100,31,17.8,80.5,-1,36,56,0,852.1,852.1,0,NaN,5.303009019322559,5.303009019322559,0,Inf,0,0,0,-Inf,27.4,27.4,0,852.1,11.2,2015-06-15
Victoria,2016,101.37267570338307,78.6393666704636,11.129490830390704,7.184599612712154,38.698781182367014,-5.096153846153846,19.782623587167485,10.789725481262103,0.7227141073686705,15.896216703982219,5.81637617503589,4.196048845447195,13.195595422193652,1.9016312382271618,9.51950267524809,6.5589657056305946,97.82,19,-5.8,-12.6,0.2,-10,0,0,103.45,100,31.8,16.4,80.5,-1,36,50,16,1010.1,989.4,18.5,1.6465452046971292,6.353252049142768,6.323322535952894,0.5723658391013744,0,0,0,0,5,45,45,10,1010.1,11.1,2016-06-15
Victoria,2017,101.40851513420903,78.19890323317719,10.075008566533409,6.0690462592804115,37.59945174186179,-4.924932975871314,19.60274599542334,10.729069103369502,0.8562816508390844,16.174185785289968,6.405016738389464,5.342561394122971,13.665916845455666,1.9454234435022006,9.684925013907653,6.723880763989651,98.43,18,-5.7,-16.1,0,-10,0,0,103.75,100,30.7,17.3,80.5,-1,36,55,78,908.3,846.8,59.9,4.778240151705272,5.98384981463835,5.689468993745682,1.0264865813090385,0,0,0,0,18,49.2,49,9.8,908.3,10.1,2017-06-15
Victoria,2018,101.50593324334274,77.86845011657873,11.00429500552215,6.917339550865137,37.096944410357096,-4.276073619631902,19.505591741428045,10.404884634266077,0.6547599240447198,15.95793661803353,5.813383759967052,4.481251785519975,13.421200110641712,1.6227105184368078,9.54141464143822,6.287682870864787,98.96,20,-4.4,-15.2,0.4,-8,0,0,103.38,100,30.6,15.5,56.3,-1,36,51,5,697.5,668.9,2.5,1.5275252316519468,4.978426865740067,4.943866713803647,0.14085904245475242,0,0,0,0,3,34,34,2.5,697.5,11,2018-06-15
Yellowknife,2004,99.07736566484517,66.24886156648452,-6.319524134790528,-12.06969489981785,21.45204918032787,-24.267444282441158,17.035231721176917,11.747267759562842,0.9661332176391221,15.196028250094415,16.453972669974412,14.91629852990866,6.12460580039745,12.715546599384282,11.170288428025174,7.403752110005733,95.54,21,-43.5,-46,0.2,-55,1,0,101.92,99,28.9,15.1,24.1,-1,36,48,5399,181.2,65.3,160.2,15.186004219543685,1.540282083701734,1.1210800575989583,1.2739967012829574,0,0,0,0,45,18.2,18.2,10,181.2,-6.3,2004-06-15
Yellowknife,2005,98.89692140735664,69.41515255399383,-3.0016106922549692,-8.21732373443035,20.930111948823395,-20.404923798358734,15.747800955013822,12.577678775416953,0.9927413201227725,14.885600907382337,14.40715619342588,13.312743084179042,6.7641493718414205,11.60761800017367,10.858075578476381,7.6352923818162965,95.91,19,-43.5,-46.8,0,-53,1,0,101.96,100,26.7,13.3,24.1,-1,36,46,5902,388.5,239.6,192.1,20.24353569953986,2.7260732266561902,2.5595315129057665,1.388322082814357,0,0,0,0,66,23.8,23.8,9,388.5,-3,2005-06-15
Yellowknife,2006,98.83245319634703,71.06419189034837,-1.359657534246575,-6.412575671045118,21.186358447488587,-19.70706280948658,16.437654723127036,11.404109589041095,0.9983706660599634,16.494105274733375,14.977692827976096,13.694007373683345,6.333865974591833,9.429486103974735,10.418234186681762,7.772814913454252,95.65,20,-40.5,-44.6,0.2,-47,1,0,102.26,100,27.5,16.1,24.1,-1,36,44,4957,303.5,189,180.8,15.135560114232423,2.117475476480637,1.9050210164219097,1.6647460306847752,0,0,0,0,40,16.4,16.4,15,303.5,-1.4,2006-06-15
Yellowknife,2007,98.93972374429224,64.9769406392694,-3.9523287671232876,-9.984018264840183,21.858869863013698,-23.48893860303256,15.770390768423812,10.743036529680365,1.05432591887883,14.651616442192434,16.14318032767423,15.005178626390801,5.729739376688103,11.538072426006284,10.977108546010207,7.376633709254146,95.65,23,-42,-44.1,0.2,-51,1,0,102.08,100,27.8,17.6,24.1,-1,36,41,5755,311.1,189.2,207.3,19.261272010205857,3.436196514319543,3.323570093965477,1.5677159830730618,0,0,0,0,56,57.4,57.4,16.4,311.1,-4,2007-06-15
Yellowknife,2008,98.90063817663818,65.15283793024847,-4.624957264957265,-10.602803738317757,21.155418803418804,-24.84819016747704,16.416465540359347,10.431339031339032,0.9393415520596874,18.280867973318376,17.6704916376452,17.601417033058645,6.578088388509444,12.3412993227765,10.991008174816665,7.5642403542314085,95.98,22,-45.3,-46.8,0.2,-56,1,0,101.64,100,29.9,19.5,72.4,-1,36,56,7076,397.6,249.7,207.5,17.7881536947308,3.1367409456869746,2.7460502356783794,2.0228240072279577,0,0,0,0,63,38.8,37.6,26.4,397.6,-4.6,2008-06-15
Yellowknife,2009,99.05301541976014,68.98869217589949,-4.278606510565391,-9.447470017133067,21.52825813820674,-21.212422694272654,16.159172532682085,9.396459166190748,1.0219681916760572,14.771157734380964,16.251644942312225,15.600163922227749,6.212600682094696,12.12391403688747,10.774475190794094,7.280289474424102,95.04,19,-44.4,-46.3,0,-54,1,0,102.42,100,26.4,17.4,40.2,-1,36,41,6210,347.9,224.4,174.1,19.77126482098096,2.9208936161467403,2.8021150506899737,1.2279779611854396,0,0,0,0,62,36.8,36.8,8.8,347.9,-4.3,2009-06-15
Yellowknife,2010,98.8608299086758,65.67915049097968,-1.6058004110527517,-7.635003995889941,21.980011415525116,-19.532884674212298,16.039633710115897,9.614269406392694,0.9814895717689704,16.311923285011453,15.399653280293773,14.768237040245314,5.771686148777469,10.576811703300613,10.27182098989879,7.465700511899191,95.42,17,-40.5,-45.1,0.2,-47,1,0,101.84,100,28.2,17,48.3,-1,36,43,3919,257,167.8,124.8,12.86318606647297,2.0615553685040293,1.9181736195201242,1.0935985782584112,0,0,0,0,42,18,18,9,257,-1.6,2010-06-15
Yellowknife,2011,98.71062557077626,71.13621831468372,-3.3175819157438062,-8.227982646420825,22.254497716894978,-23.315663927908826,17.092887841397477,9.98082191780822,1.0581497406327287,17.006331541477138,16.757985190329357,16.09527082099743,5.252615273339686,11.130373691892448,10.605933449765574,7.482176393917668,95.76,20,-41.3,-45.7,0.2,-49,1,0,101.8,100,28.3,17.3,24.1,-1,36,46,3353,338.4,247.2,129.5,7.883639406619869,2.346204252425407,2.1703428479564595,1.2181594267504092,0,0,0,0,28,17,17,14,338.4,-3.3,2011-06-15
Yellowknife,2012,98.84228307902528,66.56046458665452,-2.820986107948076,-8.648622181735368,22.39416989296288,-24.638130381303814,15.777992776057792,11.906285584149396,0.9469318783653922,15.550599209751251,16.889812191558253,15.652276991098885,5.125583581324167,10.38027792171347,10.376121854078802,7.438529728576751,96.09,17,-38.4,-44.1,0.2,-49,1,0,102.04,100,30.8,16.2,24.1,-1,36,46,4881,263.40000000000003,150.8,140.8,11.698633399350994,2.2744943513303406,2.0919929432520243,1.1472529212340963,0,0,0,0,44,25.6,25.6,11,263.40000000000003,-2.8,2012-06-15
Yellowknife,2013,99.12386017191977,70.1407933960101,-4.270147884901983,-9.435056746532156,22.42069005043558,-26.554796030871003,17.618401380103506,14.243633860977289,0.9599842381195987,16.226867071773032,17.840889381607735,16.470116217952114,5.181290199892019,12.402919292108146,11.024857705985145,7.434209329733626,95.71,15,-43.4,-47.5,0,-54,1,0,101.75,100,30.7,17.2,80.5,-1,36,50,3871,171.4,93,96.5,12.669717900465189,1.679712534128268,1.326648517838749,1.1820947907114194,1,0,0,0,42,15,11.4,13.8,171.4,-4.3,2013-06-15
Yellowknife,2014,99.07367542857143,71.16272155517439,-4.615466392318244,-9.61135246370184,21.025325714285717,-26.00681431005111,17.66849565614998,14.440685714285713,1.0305756108287474,16.187365909843226,17.163197182708615,15.56558214997256,6.548721258573652,11.679349095811183,10.991087555286494,7.177729332030684,95.49,21,-42.5,-46.7,0,-51,0,0,102.22,100,29.3,17.8,40.2,-1,36,54,4568,242.2,140.6,136,13.507240907979044,2.1317020888474207,1.9749975258285768,1.1637323646151798,0,0,0,0,41,23.4,23.4,9.6,242.2,-4.6,2014-06-15
Yellowknife,2015,98.87076650268848,70.50469107551487,-2.770266559890173,-8.07474828375286,21.969660221942572,-22.78374920025592,18.144917582417584,14.795080091533181,1.0590807650357175,17.638208454661576,16.14658759238599,14.340735987255583,5.67675087045209,11.969606718766176,10.928379707826103,7.22630435217206,95.55,14,-41,-44.9,0.2,-51,0,0,101.88,100,27.5,17.2,80.5,-2,36,46,5026,230,100.8,166.4,14.156720708224746,1.673325260946799,1.4602516437625621,1.1831826954576299,0,0,0,0,45,19.8,19.8,8.6,230,-2.8,2015-06-15
Yellowknife,2016,98.98524715261959,71.1733485193622,-2.3287471526195898,-7.441924829157175,22.31717539863326,-22.124436816133876,16.12942918992822,14.314272696206856,0.9191657124698214,16.702771945908232,15.86587737733341,14.138159260261757,5.25032980754895,11.246628742813487,10.98300340386899,7.135730611451879,96.1,16,-38.3,-42,0.2,-48,0,0,102.45,99,30.4,16.5,80.5,-1,36,54,4785,220.6,140.8,119,16.194320341262163,1.8334359271339957,1.756081002975861,0.9385766051065381,0,0,0,0,47,19.8,19.8,7.8,220.6,-2.3,2016-06-15
Yellowknife,2017,98.88524674434544,71.83961617546265,-2.806499885766507,-7.7716015535755085,21.896572995202195,-23.147323340471093,17.825485714285715,14.08658898789125,1.0300903515786435,16.381940290479566,16.389239531348306,14.612464924568366,5.861808738750834,10.957448428524403,10.970510438886308,6.89340727159541,95.51,21,-39.5,-43.8,0.2,-51,0,0,101.93,100,27.9,18,80.5,0,36,54,5072,267.5,155,186,15.949296214919444,2.2344482546637976,2.0483758289032497,1.8422207814914537,0,0,0,0,57,28.6,28.6,24.2,267.5,-2.8,2017-06-15
Yellowknife,2018,99.06337706928265,72.45321888412018,-2.93092581238504,-7.630079705702023,22.17200490496628,-21.25022341376229,18.209570552147238,14.732212953876349,0.923751429177798,15.175859406716876,15.029761010414918,13.91962390952812,5.419350483812551,11.604100120857234,11.249303183977302,7.262557782060242,96.43,18,-40.6,-44.5,0.2,-52,0,0,101.7,99,29.1,17,80.5,-1,36,52,4590,326.7,257.9,111.5,12.742093514065228,3.395762323700209,3.343700566317177,1.2874239649507428,0,0,0,0,40,32.8,32.8,16.2,326.7,-2.9,2018-06-15
